uuid,title,publisher,link,providerPublishTime,type,thumbnail,relatedTickers,symbol
87a0f0e5-7ebd-390d-a58d-2e22605357cc,"Dow Jones Futures: Stocks End On Bullish Note; Tesla Rivals, Nvidia CEO On Tap",Investor's Business Daily,https://finance.yahoo.com/m/87a0f0e5-7ebd-390d-a58d-2e22605357cc/dow-jones-futures%3A-stocks-end.html,1717244093,STORY,"{""resolutions"": [{""url"": ""https://s.yimg.com/uu/api/res/1.2/vN4.NUyvgiN_4UzIAKqlBQ--~B/aD01NjM7dz0xMDAwO2FwcGlkPXl0YWNoeW9u/https://media.zenfs.com/en/ibd.com/a0e93b56357fe572742d0fcf66117149"", ""width"": 1000, ""height"": 563, ""tag"": ""original""}, {""url"": ""https://s.yimg.com/uu/api/res/1.2/5zGENOL9gogmWSQfoXJyZg--~B/Zmk9ZmlsbDtoPTE0MDtweW9mZj0wO3c9MTQwO2FwcGlkPXl0YWNoeW9u/https://media.zenfs.com/en/ibd.com/a0e93b56357fe572742d0fcf66117149"", ""width"": 140, ""height"": 140, ""tag"": ""140x140""}]}","[""NVDA"", ""^GSPC"", ""^DJI"", ""COMP"", ""QCOM""]",NVDA
a34aba1b-401d-3fa5-bfff-9c906b6611ac,"Elon Musk Just Gave Nvidia Investors 100,000 Reasons to Cheer",Motley Fool,https://finance.yahoo.com/m/a34aba1b-401d-3fa5-bfff-9c906b6611ac/elon-musk-just-gave-nvidia.html,1717243860,STORY,"{""resolutions"": [{""url"": ""https://s.yimg.com/uu/api/res/1.2/fNvIGzfvqwIOoSmIeM_mHg--~B/aD03ODc7dz0xNDAwO2FwcGlkPXl0YWNoeW9u/https://media.zenfs.com/en/motleyfool.com/ae6eb161f009ebed77d67f555e12b562"", ""width"": 1400, ""height"": 787, ""tag"": ""original""}, {""url"": ""https://s.yimg.com/uu/api/res/1.2/WduTHgklfuR6Fjhss_4MMg--~B/Zmk9ZmlsbDtoPTE0MDtweW9mZj0wO3c9MTQwO2FwcGlkPXl0YWNoeW9u/https://media.zenfs.com/en/motleyfool.com/ae6eb161f009ebed77d67f555e12b562"", ""width"": 140, ""height"": 140, ""tag"": ""140x140""}]}","[""NVDA""]",NVDA
0fc24beb-6431-38d3-89ef-2a54a84970b7,2 Top Artificial Intelligence (AI) Stocks to Buy Following Nvidia's Blockbuster Earnings,Motley Fool,https://finance.yahoo.com/m/0fc24beb-6431-38d3-89ef-2a54a84970b7/2-top-artificial-intelligence.html,1717237800,STORY,"{""resolutions"": [{""url"": ""https://s.yimg.com/uu/api/res/1.2/mVg6LgmeQVr47IQVJZUJFw--~B/aD0zODA7dz03MjA7YXBwaWQ9eXRhY2h5b24-/https://media.zenfs.com/en/motleyfool.com/c8781701500edfa2d32282b8eae621a2"", ""width"": 720, ""height"": 380, ""tag"": ""original""}, {""url"": ""https://s.yimg.com/uu/api/res/1.2/3Cfn1FAXll2h0ifzmOmC9Q--~B/Zmk9ZmlsbDtoPTE0MDtweW9mZj0wO3c9MTQwO2FwcGlkPXl0YWNoeW9u/https://media.zenfs.com/en/motleyfool.com/c8781701500edfa2d32282b8eae621a2"", ""width"": 140, ""height"": 140, ""tag"": ""140x140""}]}","[""NVDA"", ""AMD"", ""TSM""]",NVDA
937da7e8-a1da-368b-9a2f-f6cb79e4aa7f,Forget Nvidia's Stock Split: Here's a Much Better Reason to Buy the Stock,Motley Fool,https://finance.yahoo.com/m/937da7e8-a1da-368b-9a2f-f6cb79e4aa7f/forget-nvidia%27s-stock-split%3A.html,1717234920,STORY,"{""resolutions"": [{""url"": ""https://s.yimg.com/uu/api/res/1.2/fOJVaWL_vzBKxbnwFYGCfw--~B/aD0xMjAwO3c9MjAwMDthcHBpZD15dGFjaHlvbg--/https://media.zenfs.com/en/motleyfool.com/98ef192451c9c89b8e69fa97a9291ee7"", ""width"": 2000, ""height"": 1200, ""tag"": ""original""}, {""url"": ""https://s.yimg.com/uu/api/res/1.2/8Eil5Ijv2exI2HfzQ37NPw--~B/Zmk9ZmlsbDtoPTE0MDtweW9mZj0wO3c9MTQwO2FwcGlkPXl0YWNoeW9u/https://media.zenfs.com/en/motleyfool.com/98ef192451c9c89b8e69fa97a9291ee7"", ""width"": 140, ""height"": 140, ""tag"": ""140x140""}]}","[""NVDA""]",NVDA
72fad3b4-a13f-359a-a394-f4e7a77550be,Nvidia's 10-for-1 Stock Split: Everything You Need to Know,Motley Fool,https://finance.yahoo.com/m/72fad3b4-a13f-359a-a394-f4e7a77550be/nvidia%27s-10-for-1-stock.html,1717233360,STORY,"{""resolutions"": [{""url"": ""https://s.yimg.com/uu/api/res/1.2/2ovvz.XU1P2cwyVcpzCveQ--~B/aD0xMjk5O3c9MjMwOTthcHBpZD15dGFjaHlvbg--/https://media.zenfs.com/en/motleyfool.com/507e392d323fd7261c45ed80def515fc"", ""width"": 2309, ""height"": 1299, ""tag"": ""original""}, {""url"": ""https://s.yimg.com/uu/api/res/1.2/3kZ2xGRzFFplF0yU60PpJA--~B/Zmk9ZmlsbDtoPTE0MDtweW9mZj0wO3c9MTQwO2FwcGlkPXl0YWNoeW9u/https://media.zenfs.com/en/motleyfool.com/507e392d323fd7261c45ed80def515fc"", ""width"": 140, ""height"": 140, ""tag"": ""140x140""}]}","[""NVDA"", ""^GSPC""]",NVDA
019c2985-7b91-31c0-b9d9-2c2710ffe5fb,Is Super Micro Computer Stock a Buy Now?,Motley Fool,https://finance.yahoo.com/m/019c2985-7b91-31c0-b9d9-2c2710ffe5fb/is-super-micro-computer-stock.html,1717233300,STORY,"{""resolutions"": [{""url"": ""https://s.yimg.com/uu/api/res/1.2/PAA7YfBpphPe7oViR2vnlA--~B/aD03MjA7dz0xMDE1O2FwcGlkPXl0YWNoeW9u/https://media.zenfs.com/en/motleyfool.com/fe79fe65c97076c8ba347c101dc4a0a5"", ""width"": 1015, ""height"": 720, ""tag"": ""original""}, {""url"": ""https://s.yimg.com/uu/api/res/1.2/yxNUD9jrt.REyc9vPUsZAA--~B/Zmk9ZmlsbDtoPTE0MDtweW9mZj0wO3c9MTQwO2FwcGlkPXl0YWNoeW9u/https://media.zenfs.com/en/motleyfool.com/fe79fe65c97076c8ba347c101dc4a0a5"", ""width"": 140, ""height"": 140, ""tag"": ""140x140""}]}","[""SMCI"", ""NVDA""]",NVDA
4ce06999-bc14-360d-b16b-b66462f00799,Prediction: 2 Artificial Intelligence (AI) Stocks That Will Be Worth More Than Nvidia by 2028,Motley Fool,https://finance.yahoo.com/m/4ce06999-bc14-360d-b16b-b66462f00799/prediction%3A-2-artificial.html,1717231440,STORY,"{""resolutions"": [{""url"": ""https://s.yimg.com/uu/api/res/1.2/O4y7gjNVLYDAqvg0Ef3S9w--~B/aD0xNDE0O3c9MjEyMTthcHBpZD15dGFjaHlvbg--/https://media.zenfs.com/en/motleyfool.com/a9dbbdfdfad05c944244b71dc4fae252"", ""width"": 2121, ""height"": 1414, ""tag"": ""original""}, {""url"": ""https://s.yimg.com/uu/api/res/1.2/JXUEeqZvTMtQm6HPS8GnYQ--~B/Zmk9ZmlsbDtoPTE0MDtweW9mZj0wO3c9MTQwO2FwcGlkPXl0YWNoeW9u/https://media.zenfs.com/en/motleyfool.com/a9dbbdfdfad05c944244b71dc4fae252"", ""width"": 140, ""height"": 140, ""tag"": ""140x140""}]}","[""AMZN"", ""NVDA"", ""GOOG"", ""^GSPC""]",NVDA
2ef85eb3-25e5-3b30-9851-8b516ab8cfbd,Nvidia Just Announced a 10-for-1 Stock Split in June. This Artificial Intelligence (AI) Stock Could Be the Next Split.,Motley Fool,https://finance.yahoo.com/m/2ef85eb3-25e5-3b30-9851-8b516ab8cfbd/nvidia-just-announced-a.html,1717230600,STORY,"{""resolutions"": [{""url"": ""https://s.yimg.com/uu/api/res/1.2/ZZKCoSVBd1mqZWUrbykAvA--~B/aD04MDU7dz0xNDAwO2FwcGlkPXl0YWNoeW9u/https://media.zenfs.com/en/motleyfool.com/d69485ae5efc21d7435548a8667ba8ab"", ""width"": 1400, ""height"": 805, ""tag"": ""original""}, {""url"": ""https://s.yimg.com/uu/api/res/1.2/LGkiVZ79gj9R0XpBn9lJtA--~B/Zmk9ZmlsbDtoPTE0MDtweW9mZj0wO3c9MTQwO2FwcGlkPXl0YWNoeW9u/https://media.zenfs.com/en/motleyfool.com/d69485ae5efc21d7435548a8667ba8ab"", ""width"": 140, ""height"": 140, ""tag"": ""140x140""}]}","[""NVDA"", ""NOW"", ""^GSPC""]",NVDA
b2cc747d-16b2-3857-a887-b67b1389b2df,"Toyota, Subaru, and Mazda Just Sent a Massive Warning to Tesla, Rivian, and Nio Investors",Motley Fool,https://finance.yahoo.com/m/b2cc747d-16b2-3857-a887-b67b1389b2df/toyota%2C-subaru%2C-and-mazda.html,1717230780,STORY,"{""resolutions"": [{""url"": ""https://s.yimg.com/uu/api/res/1.2/cfKIkqB3TIiVkrF45DjSNg--~B/aD05MzM7dz0xNDAwO2FwcGlkPXl0YWNoeW9u/https://media.zenfs.com/en/motleyfool.com/096ef27d06a03c65150586a573c47657"", ""width"": 1400, ""height"": 933, ""tag"": ""original""}, {""url"": ""https://s.yimg.com/uu/api/res/1.2/prqFC2MaCNzFdd7K25exYQ--~B/Zmk9ZmlsbDtoPTE0MDtweW9mZj0wO3c9MTQwO2FwcGlkPXl0YWNoeW9u/https://media.zenfs.com/en/motleyfool.com/096ef27d06a03c65150586a573c47657"", ""width"": 140, ""height"": 140, ""tag"": ""140x140""}]}","[""TM"", ""TSLA""]",TSLA
f75efe17-4086-3222-9ae0-7883c1d9b957,"38,784 Reasons I'm Avoiding Rivian Stock Like The Plague",Motley Fool,https://finance.yahoo.com/m/f75efe17-4086-3222-9ae0-7883c1d9b957/38%2C784-reasons-i%27m-avoiding.html,1717229460,STORY,"{""resolutions"": [{""url"": ""https://s.yimg.com/uu/api/res/1.2/8CTfix0VdXLUSQiJrRaV2Q--~B/aD05MjE7dz0xNDAwO2FwcGlkPXl0YWNoeW9u/https://media.zenfs.com/en/motleyfool.com/e06fc6542bc7ea045488d8fd25a5738e"", ""width"": 1400, ""height"": 921, ""tag"": ""original""}, {""url"": ""https://s.yimg.com/uu/api/res/1.2/gHL00AUxTyX7imJPZixnrA--~B/Zmk9ZmlsbDtoPTE0MDtweW9mZj0wO3c9MTQwO2FwcGlkPXl0YWNoeW9u/https://media.zenfs.com/en/motleyfool.com/e06fc6542bc7ea045488d8fd25a5738e"", ""width"": 140, ""height"": 140, ""tag"": ""140x140""}]}","[""RIVN"", ""TSLA""]",TSLA
526cf9fa-8b6d-3449-8481-3bdbad5b76c7,"3 Stocks That Turned $10,000 Into More Than $100,000 in Just 5 Years",Motley Fool,https://finance.yahoo.com/m/526cf9fa-8b6d-3449-8481-3bdbad5b76c7/3-stocks-that-turned-%2410%2C000.html,1717225800,STORY,"{""resolutions"": [{""url"": ""https://s.yimg.com/uu/api/res/1.2/ca1Act7TVOuoDfPTtuwMPA--~B/aD0yMDAyO3c9MzAwMDthcHBpZD15dGFjaHlvbg--/https://media.zenfs.com/en/motleyfool.com/3a8a11553f54d9c8b88c9631cc28511f"", ""width"": 3000, ""height"": 2002, ""tag"": ""original""}, {""url"": ""https://s.yimg.com/uu/api/res/1.2/v.PsZvSoNwab8EEPbax7.Q--~B/Zmk9ZmlsbDtoPTE0MDtweW9mZj0wO3c9MTQwO2FwcGlkPXl0YWNoeW9u/https://media.zenfs.com/en/motleyfool.com/3a8a11553f54d9c8b88c9631cc28511f"", ""width"": 140, ""height"": 140, ""tag"": ""140x140""}]}","[""SMCI"", ""TSLA""]",TSLA
534ccdc3-3dff-33f9-a0c8-e91867fd0cf8,AP Top Extended Financial Headlines at 12:52 a.m. EDT,Associated Press Finance,https://finance.yahoo.com/news/ap-top-extended-financial-headlines-040000326.html,1717214400,STORY,NaN,"[""TSLA""]",TSLA
f696a657-afed-317e-bb05-df64006dfc82,The Wall Street Whisperer Leading the Charge for Elon Musk’s $46 Billion Pay Package,The Wall Street Journal,https://finance.yahoo.com/m/f696a657-afed-317e-bb05-df64006dfc82/the-wall-street-whisperer.html,1717203600,STORY,"{""resolutions"": [{""url"": ""https://s.yimg.com/uu/api/res/1.2/Zj9o5hSfC6hocOHAV41Bxw--~B/aD02NDA7dz0xMjgwO2FwcGlkPXl0YWNoeW9u/https://media.zenfs.com/en/wsj.com/5945e46a14a021778f1f2ef7ba5f0ef8"", ""width"": 1280, ""height"": 640, ""tag"": ""original""}, {""url"": ""https://s.yimg.com/uu/api/res/1.2/PppN.RfcL_EvswPyI2K86w--~B/Zmk9ZmlsbDtoPTE0MDtweW9mZj0wO3c9MTQwO2FwcGlkPXl0YWNoeW9u/https://media.zenfs.com/en/wsj.com/5945e46a14a021778f1f2ef7ba5f0ef8"", ""width"": 140, ""height"": 140, ""tag"": ""140x140""}]}","[""TSLA""]",TSLA
34bc1504-097d-357a-82a7-c94a18a90ab3,Tesla shareholder sues Musk for alleged $7.5 billion insider trading,Reuters,https://finance.yahoo.com/news/tesla-shareholder-sues-musk-alleged-002335130.html,1717201415,STORY,"{""resolutions"": [{""url"": ""https://s.yimg.com/uu/api/res/1.2/zbDfY0zk5JbUqhHGDeDwqw--~B/aD01MzM7dz04MDA7YXBwaWQ9eXRhY2h5b24-/https://media.zenfs.com/en/reuters-finance.com/31624c25eddb2bc3d201bd096d58f2aa"", ""width"": 800, ""height"": 533, ""tag"": ""original""}, {""url"": ""https://s.yimg.com/uu/api/res/1.2/UONKoVsp6x1WTxxZ96iD3g--~B/Zmk9ZmlsbDtoPTE0MDtweW9mZj0wO3c9MTQwO2FwcGlkPXl0YWNoeW9u/https://media.zenfs.com/en/reuters-finance.com/31624c25eddb2bc3d201bd096d58f2aa"", ""width"": 140, ""height"": 140, ""tag"": ""140x140""}]}","[""TSLA""]",TSLA
02d73a49-0592-3ac7-9aba-84f3bda795b3,Nvidia Rolls On,Motley Fool,https://finance.yahoo.com/m/02d73a49-0592-3ac7-9aba-84f3bda795b3/nvidia-rolls-on.html,1717198283,STORY,"{""resolutions"": [{""url"": ""https://s.yimg.com/uu/api/res/1.2/nhZzYRhTSgRwp3Qy.JMrHw--~B/aD0xMDgwO3c9MTkyMDthcHBpZD15dGFjaHlvbg--/https://media.zenfs.com/en/motleyfool.com/6f0a66f956adbc513dc0facde5bedf5c"", ""width"": 1920, ""height"": 1080, ""tag"": ""original""}, {""url"": ""https://s.yimg.com/uu/api/res/1.2/yHvYSZXHghSE.Gg9Q5ACUg--~B/Zmk9ZmlsbDtoPTE0MDtweW9mZj0wO3c9MTQwO2FwcGlkPXl0YWNoeW9u/https://media.zenfs.com/en/motleyfool.com/6f0a66f956adbc513dc0facde5bedf5c"", ""width"": 140, ""height"": 140, ""tag"": ""140x140""}]}","[""NVDA"", ""TSLA"", ""MKL"", ""CMG"", ""AMZN""]",TSLA
5d37b984-1cb7-3ea2-9f57-bbe19f0af573,"Elon Musk slams Trump’s ‘trivial’ hush-money verdict, saying it did ‘great damage’ to the legal system",Fortune,https://finance.yahoo.com/news/elon-musk-slams-trump-trivial-210442474.html,1717189482,STORY,"{""resolutions"": [{""url"": ""https://s.yimg.com/uu/api/res/1.2/tW9gZzU8FGbtFeykTNZosw--~B/aD0xMzY2O3c9MjA0ODthcHBpZD15dGFjaHlvbg--/https://media.zenfs.com/en/fortune_175/4723c9e624b52615a780d757d899944f"", ""width"": 2048, ""height"": 1366, ""tag"": ""original""}, {""url"": ""https://s.yimg.com/uu/api/res/1.2/3w7.VKe_ePJed62.R.WFwA--~B/Zmk9ZmlsbDtoPTE0MDtweW9mZj0wO3c9MTQwO2FwcGlkPXl0YWNoeW9u/https://media.zenfs.com/en/fortune_175/4723c9e624b52615a780d757d899944f"", ""width"": 140, ""height"": 140, ""tag"": ""140x140""}]}","[""TSLA""]",TSLA
1386a22a-f38f-3570-9b46-4c9875f7ffd8,Melinda French Gates’ mentor on lifting up women,Yahoo Finance Video,https://finance.yahoo.com/video/melinda-french-gates-mentor-lifting-120022536.html,1717243222,VIDEO,"{""resolutions"": [{""url"": ""https://s.yimg.com/uu/api/res/1.2/vHgs2M9ITMhDF4GRGtkmlQ--~B/aD0xMDgwO3c9MTkyMDthcHBpZD15dGFjaHlvbg--/https://s.yimg.com/os/creatr-uploaded-images/2024-06/9bed5260-200d-11ef-bab9-50f45df5572d"", ""width"": 1920, ""height"": 1080, ""tag"": ""original""}, {""url"": ""https://s.yimg.com/uu/api/res/1.2/cJMdHUAamh4GmG3X0F4KCQ--~B/Zmk9ZmlsbDtoPTE0MDtweW9mZj0wO3c9MTQwO2FwcGlkPXl0YWNoeW9u/https://s.yimg.com/os/creatr-uploaded-images/2024-06/9bed5260-200d-11ef-bab9-50f45df5572d"", ""width"": 140, ""height"": 140, ""tag"": ""140x140""}]}","[""MSFT""]",MSFT
8aca446e-4c6b-3fe9-aa7e-7d632ee1e72d,My Top ETF to Buy the Dip in Slumping Software Stocks Like Salesforce,Motley Fool,https://finance.yahoo.com/m/8aca446e-4c6b-3fe9-aa7e-7d632ee1e72d/my-top-etf-to-buy-the-dip-in.html,1717241400,STORY,"{""resolutions"": [{""url"": ""https://s.yimg.com/uu/api/res/1.2/hwGHaZtFo90zSQwlnoGRJg--~B/aD04MDA7dz0xMjAwO2FwcGlkPXl0YWNoeW9u/https://media.zenfs.com/en/motleyfool.com/72a8be22430758f2431c6816e2623f50"", ""width"": 1200, ""height"": 800, ""tag"": ""original""}, {""url"": ""https://s.yimg.com/uu/api/res/1.2/xW3vjynP84LEKdJxlBcbnQ--~B/Zmk9ZmlsbDtoPTE0MDtweW9mZj0wO3c9MTQwO2FwcGlkPXl0YWNoeW9u/https://media.zenfs.com/en/motleyfool.com/72a8be22430758f2431c6816e2623f50"", ""width"": 140, ""height"": 140, ""tag"": ""140x140""}]}","[""CRM"", ""MSFT""]",MSFT
019dae08-7ca7-36a1-a8fd-64f967c78ccf,New AI battle adopts old price war strategy as Chinese tech giants keep start-ups at bay behind the Great Firewall,South China Morning Post,https://finance.yahoo.com/news/ai-battle-adopts-old-price-093000308.html,1717234200,STORY,"{""resolutions"": [{""url"": ""https://s.yimg.com/uu/api/res/1.2/9a0RNsk6_RslnUQPnKQA1w--~B/aD0xMzMyO3c9MTk5OTthcHBpZD15dGFjaHlvbg--/https://media.zenfs.com/en/south_china_morning_post_us_228/d03b0fab606c9733d3197fc1fb704972"", ""width"": 1999, ""height"": 1332, ""tag"": ""original""}, {""url"": ""https://s.yimg.com/uu/api/res/1.2/XUX0BbSXGivXv7XBowmT9g--~B/Zmk9ZmlsbDtoPTE0MDtweW9mZj0wO3c9MTQwO2FwcGlkPXl0YWNoeW9u/https://media.zenfs.com/en/south_china_morning_post_us_228/d03b0fab606c9733d3197fc1fb704972"", ""width"": 140, ""height"": 140, ""tag"": ""140x140""}]}","[""MSFT"", ""BIDU"", ""BBAAY"", ""GOOG""]",MSFT
aeef2ce1-5dd7-31ec-8888-21b78cd5bc8d,"Meet the Supercharged Growth Stock That's a Shoo-In to Join Microsoft, Apple, Nvidia, and Alphabet in the $2 Trillion Club",Motley Fool,https://finance.yahoo.com/m/aeef2ce1-5dd7-31ec-8888-21b78cd5bc8d/meet-the-supercharged-growth.html,1717229220,STORY,"{""resolutions"": [{""url"": ""https://s.yimg.com/uu/api/res/1.2/HAlu0RiofYHLtDJf1FCXDA--~B/aD05Mjk7dz0xNDAwO2FwcGlkPXl0YWNoeW9u/https://media.zenfs.com/en/motleyfool.com/22f20d140a957d8acae302d0f513f634"", ""width"": 1400, ""height"": 929, ""tag"": ""original""}, {""url"": ""https://s.yimg.com/uu/api/res/1.2/MePB604iQtjBVBHHUn6q.A--~B/Zmk9ZmlsbDtoPTE0MDtweW9mZj0wO3c9MTQwO2FwcGlkPXl0YWNoeW9u/https://media.zenfs.com/en/motleyfool.com/22f20d140a957d8acae302d0f513f634"", ""width"": 140, ""height"": 140, ""tag"": ""140x140""}]}","[""META"", ""NVDA"", ""MSFT"", ""GOOG"", ""AAPL""]",MSFT
8e1db67e-84a5-3956-a4db-9579f25ecd8c,2 Millionaire-Maker Artificial Intelligence (AI) Stocks,Motley Fool,https://finance.yahoo.com/m/8e1db67e-84a5-3956-a4db-9579f25ecd8c/2-millionaire-maker.html,1717226400,STORY,"{""resolutions"": [{""url"": ""https://s.yimg.com/uu/api/res/1.2/wxnDpFffKYzrK_gU8kHz4A--~B/aD04MDE7dz0xMjAwO2FwcGlkPXl0YWNoeW9u/https://media.zenfs.com/en/motleyfool.com/e23b83d7c342f4a55ad19923542dec46"", ""width"": 1200, ""height"": 801, ""tag"": ""original""}, {""url"": ""https://s.yimg.com/uu/api/res/1.2/euYMk0mj7KrI_tIXuK1_8A--~B/Zmk9ZmlsbDtoPTE0MDtweW9mZj0wO3c9MTQwO2FwcGlkPXl0YWNoeW9u/https://media.zenfs.com/en/motleyfool.com/e23b83d7c342f4a55ad19923542dec46"", ""width"": 140, ""height"": 140, ""tag"": ""140x140""}]}","[""NVDA"", ""MSFT""]",MSFT
a2b9ee3b-9d8f-38de-afc9-14c4a8a2c6c2,1 Unique S&P 500 ETF for Those Seeking Passive Income and Less Volatility,Motley Fool,https://finance.yahoo.com/m/a2b9ee3b-9d8f-38de-afc9-14c4a8a2c6c2/1-unique-s%26p-500-etf-for.html,1717226040,STORY,"{""resolutions"": [{""url"": ""https://s.yimg.com/uu/api/res/1.2/hRbkW0KtlQ5c99.vBTdagw--~B/aD00NTY7dz03MjA7YXBwaWQ9eXRhY2h5b24-/https://media.zenfs.com/en/motleyfool.com/9df00d906117a78b806bde3b7a0eff71"", ""width"": 720, ""height"": 456, ""tag"": ""original""}, {""url"": ""https://s.yimg.com/uu/api/res/1.2/VgUWd_RN.oFsboR0NspB5w--~B/Zmk9ZmlsbDtoPTE0MDtweW9mZj0wO3c9MTQwO2FwcGlkPXl0YWNoeW9u/https://media.zenfs.com/en/motleyfool.com/9df00d906117a78b806bde3b7a0eff71"", ""width"": 140, ""height"": 140, ""tag"": ""140x140""}]}","[""^GSPC"", ""JPM"", ""NVDA"", ""MSFT""]",MSFT
fff54018-196d-326d-92fc-f68ce227cfed,CISPE denies it is close to deal over antitrust complaint with Microsoft,Reuters,https://finance.yahoo.com/news/microsoft-pay-off-cloud-industry-034339245.html,1717213419,STORY,"{""resolutions"": [{""url"": ""https://s.yimg.com/uu/api/res/1.2/AxTE07p0_nhHANFfGSRjGQ--~B/aD01MzI7dz04MDA7YXBwaWQ9eXRhY2h5b24-/https://media.zenfs.com/en/reuters-finance.com/737439ae319996713a8e9f5f96a142c2"", ""width"": 800, ""height"": 532, ""tag"": ""original""}, {""url"": ""https://s.yimg.com/uu/api/res/1.2/ON7tpV34.A5YDMglir7jyw--~B/Zmk9ZmlsbDtoPTE0MDtweW9mZj0wO3c9MTQwO2FwcGlkPXl0YWNoeW9u/https://media.zenfs.com/en/reuters-finance.com/737439ae319996713a8e9f5f96a142c2"", ""width"": 140, ""height"": 140, ""tag"": ""140x140""}]}","[""MSFT""]",MSFT
a64f355f-2a9a-3c34-9633-30e58ee31b99,AI Euphoria Disappears From Public Market,The Information,https://finance.yahoo.com/m/a64f355f-2a9a-3c34-9633-30e58ee31b99/ai-euphoria-disappears-from.html,1717194605,STORY,"{""resolutions"": [{""url"": ""https://s.yimg.com/uu/api/res/1.2/NXhdtfnvZHhOBOEOjDJeiw--~B/aD03MjA7dz0xMjgwO2FwcGlkPXl0YWNoeW9u/https://media.zenfs.com/en/the_information_premium_news_383/104d0cce34eb520efd4e3981dbdfb46f"", ""width"": 1280, ""height"": 720, ""tag"": ""original""}, {""url"": ""https://s.yimg.com/uu/api/res/1.2/HUuBoT1G2kI1ZgtZblZT8w--~B/Zmk9ZmlsbDtoPTE0MDtweW9mZj0wO3c9MTQwO2FwcGlkPXl0YWNoeW9u/https://media.zenfs.com/en/the_information_premium_news_383/104d0cce34eb520efd4e3981dbdfb46f"", ""width"": 140, ""height"": 140, ""tag"": ""140x140""}]}","[""MSFT""]",MSFT
a14707d4-483a-3eb8-9131-18ca5a75a746,These 3 Dow Stocks Are Set to Soar in 2024 and Beyond,Motley Fool,https://finance.yahoo.com/m/a14707d4-483a-3eb8-9131-18ca5a75a746/these-3-dow-stocks-are-set-to.html,1717245000,STORY,"{""resolutions"": [{""url"": ""https://s.yimg.com/uu/api/res/1.2/AM8_BA5kNGhwxeP_LPjv_w--~B/aD03NDM7dz0xMDAwO2FwcGlkPXl0YWNoeW9u/https://media.zenfs.com/en/motleyfool.com/424d756b4544389025636415c3883e2b"", ""width"": 1000, ""height"": 743, ""tag"": ""original""}, {""url"": ""https://s.yimg.com/uu/api/res/1.2/IhN.TK_PacYawUBqGOHlvQ--~B/Zmk9ZmlsbDtoPTE0MDtweW9mZj0wO3c9MTQwO2FwcGlkPXl0YWNoeW9u/https://media.zenfs.com/en/motleyfool.com/424d756b4544389025636415c3883e2b"", ""width"": 140, ""height"": 140, ""tag"": ""140x140""}]}","[""AMZN"", ""V"", ""MCD"", ""^DJI""]",AMZN
c648b471-a8cf-3e8a-ab35-2c3b58555f5e,2 Colossal Growth Stocks to Buy in the New Bull Market and Hold For Years,Motley Fool,https://finance.yahoo.com/m/c648b471-a8cf-3e8a-ab35-2c3b58555f5e/2-colossal-growth-stocks-to.html,1717244100,STORY,"{""resolutions"": [{""url"": ""https://s.yimg.com/uu/api/res/1.2/ITdE6Bm3RnJ5.VlAdoRXvA--~B/aD0xNDE0O3c9MjEyMTthcHBpZD15dGFjaHlvbg--/https://media.zenfs.com/en/motleyfool.com/eb2b3944721e2b60ee0b76fe0606c0f3"", ""width"": 2121, ""height"": 1414, ""tag"": ""original""}, {""url"": ""https://s.yimg.com/uu/api/res/1.2/ynhf7t2FjK0uxUDA_OhaIA--~B/Zmk9ZmlsbDtoPTE0MDtweW9mZj0wO3c9MTQwO2FwcGlkPXl0YWNoeW9u/https://media.zenfs.com/en/motleyfool.com/eb2b3944721e2b60ee0b76fe0606c0f3"", ""width"": 140, ""height"": 140, ""tag"": ""140x140""}]}","[""AMZN"", ""TOST""]",AMZN
7ead5da5-807d-3c31-a79f-096edb39206f,Amazon Stock Finally Hit a Record High After 3 Years. Can It Keep Going Up?,Motley Fool,https://finance.yahoo.com/m/7ead5da5-807d-3c31-a79f-096edb39206f/amazon-stock-finally-hit-a.html,1717236300,STORY,"{""resolutions"": [{""url"": ""https://s.yimg.com/uu/api/res/1.2/.cErdpC0eHa7neYFELabzg--~B/aD00NDE7dz03MjA7YXBwaWQ9eXRhY2h5b24-/https://media.zenfs.com/en/motleyfool.com/d1ea5d99177637854bcc62ec78c7972e"", ""width"": 720, ""height"": 441, ""tag"": ""original""}, {""url"": ""https://s.yimg.com/uu/api/res/1.2/n32dzXLYgHD4hCne9INdmg--~B/Zmk9ZmlsbDtoPTE0MDtweW9mZj0wO3c9MTQwO2FwcGlkPXl0YWNoeW9u/https://media.zenfs.com/en/motleyfool.com/d1ea5d99177637854bcc62ec78c7972e"", ""width"": 140, ""height"": 140, ""tag"": ""140x140""}]}","[""AMZN""]",AMZN
c4f7b575-daf2-3660-b8d6-e2f5d31ad1e5,2 Reasons to Buy Shopify Stock Like There's No Tomorrow,Motley Fool,https://finance.yahoo.com/m/c4f7b575-daf2-3660-b8d6-e2f5d31ad1e5/2-reasons-to-buy-shopify.html,1717232400,STORY,"{""resolutions"": [{""url"": ""https://s.yimg.com/uu/api/res/1.2/TYwaPZE4HpN9EW3DpUVLVQ--~B/aD02NTY7dz0xMjAwO2FwcGlkPXl0YWNoeW9u/https://media.zenfs.com/en/motleyfool.com/83384231b08ccd32f24fbc01e0c571e0"", ""width"": 1200, ""height"": 656, ""tag"": ""original""}, {""url"": ""https://s.yimg.com/uu/api/res/1.2/A9TdW0K9lwYlXEbAEJOz5A--~B/Zmk9ZmlsbDtoPTE0MDtweW9mZj0wO3c9MTQwO2FwcGlkPXl0YWNoeW9u/https://media.zenfs.com/en/motleyfool.com/83384231b08ccd32f24fbc01e0c571e0"", ""width"": 140, ""height"": 140, ""tag"": ""140x140""}]}","[""SHOP"", ""AMZN""]",AMZN
4ce06999-bc14-360d-b16b-b66462f00799,Prediction: 2 Artificial Intelligence (AI) Stocks That Will Be Worth More Than Nvidia by 2028,Motley Fool,https://finance.yahoo.com/m/4ce06999-bc14-360d-b16b-b66462f00799/prediction%3A-2-artificial.html,1717231440,STORY,"{""resolutions"": [{""url"": ""https://s.yimg.com/uu/api/res/1.2/O4y7gjNVLYDAqvg0Ef3S9w--~B/aD0xNDE0O3c9MjEyMTthcHBpZD15dGFjaHlvbg--/https://media.zenfs.com/en/motleyfool.com/a9dbbdfdfad05c944244b71dc4fae252"", ""width"": 2121, ""height"": 1414, ""tag"": ""original""}, {""url"": ""https://s.yimg.com/uu/api/res/1.2/JXUEeqZvTMtQm6HPS8GnYQ--~B/Zmk9ZmlsbDtoPTE0MDtweW9mZj0wO3c9MTQwO2FwcGlkPXl0YWNoeW9u/https://media.zenfs.com/en/motleyfool.com/a9dbbdfdfad05c944244b71dc4fae252"", ""width"": 140, ""height"": 140, ""tag"": ""140x140""}]}","[""AMZN"", ""NVDA"", ""GOOG"", ""^GSPC""]",AMZN
44c09fb2-b353-3298-bfc2-b54dfb53c27c,Amazon (NASDAQ:AMZN): Prepping for Its Next Decade of Growth with AWS,TipRanks,https://finance.yahoo.com/news/amazon-nasdaq-amzn-prepping-next-040223490.html,1717214543,STORY,"{""resolutions"": [{""url"": ""https://s.yimg.com/uu/api/res/1.2/e34263MO_LcFT2EWpf7ozA--~B/aD00Mzg7dz03Njk7YXBwaWQ9eXRhY2h5b24-/https://media.zenfs.com/en/tipranks_452/5721a3a6e43b1455de675c1487dfa591"", ""width"": 769, ""height"": 438, ""tag"": ""original""}, {""url"": ""https://s.yimg.com/uu/api/res/1.2/XMZWTj43nSdBAuB3g_h5Ew--~B/Zmk9ZmlsbDtoPTE0MDtweW9mZj0wO3c9MTQwO2FwcGlkPXl0YWNoeW9u/https://media.zenfs.com/en/tipranks_452/5721a3a6e43b1455de675c1487dfa591"", ""width"": 140, ""height"": 140, ""tag"": ""140x140""}]}","[""AMZN""]",AMZN
8630713b-9e6d-3624-8c49-fca1e69da656,The Biggest Supply Chain Company to Know,Insider Monkey,https://finance.yahoo.com/news/biggest-supply-chain-company-know-025444774.html,1717210484,STORY,"{""resolutions"": [{""url"": ""https://s.yimg.com/uu/api/res/1.2/Ky3qbUNTj1lahjZCkFH3Rg--~B/aD04MTY7dz0xNDU2O2FwcGlkPXl0YWNoeW9u/https://media.zenfs.com/en/insidermonkey.com/11672800d1aa4c2d3d6ec0e023f94406"", ""width"": 1456, ""height"": 816, ""tag"": ""original""}, {""url"": ""https://s.yimg.com/uu/api/res/1.2/OvXDgJ.grTaNF.gf85DMJA--~B/Zmk9ZmlsbDtoPTE0MDtweW9mZj0wO3c9MTQwO2FwcGlkPXl0YWNoeW9u/https://media.zenfs.com/en/insidermonkey.com/11672800d1aa4c2d3d6ec0e023f94406"", ""width"": 140, ""height"": 140, ""tag"": ""140x140""}]}","[""AMZN"", ""ORCL""]",AMZN
c646de61-beb6-389a-ab2e-6a5b50009650,The Advisers Helping Blue Origin’s CEO Reach New Heights,The Wall Street Journal,https://finance.yahoo.com/m/c646de61-beb6-389a-ab2e-6a5b50009650/the-advisers-helping-blue.html,1717203600,STORY,"{""resolutions"": [{""url"": ""https://s.yimg.com/uu/api/res/1.2/__3pcOk8x9dgSo1U9GQJeQ--~B/aD02NDA7dz0xMjgwO2FwcGlkPXl0YWNoeW9u/https://media.zenfs.com/en/wsj.com/522471ab801ed034146acdb2bcb31e15"", ""width"": 1280, ""height"": 640, ""tag"": ""original""}, {""url"": ""https://s.yimg.com/uu/api/res/1.2/G83DNyP0GmeFUdPLtGKK2w--~B/Zmk9ZmlsbDtoPTE0MDtweW9mZj0wO3c9MTQwO2FwcGlkPXl0YWNoeW9u/https://media.zenfs.com/en/wsj.com/522471ab801ed034146acdb2bcb31e15"", ""width"": 140, ""height"": 140, ""tag"": ""140x140""}]}","[""AMZN""]",AMZN
37ee4eab-3a7e-36e1-aa20-8e9dc5c8794e,"This ""Magnificent Seven"" Stock Generated $383 Billion in Revenue in Fiscal 2023: Here's My Biggest Bear Case",Motley Fool,https://finance.yahoo.com/m/37ee4eab-3a7e-36e1-aa20-8e9dc5c8794e/this-%22magnificent-seven%22.html,1717240500,STORY,"{""resolutions"": [{""url"": ""https://s.yimg.com/uu/api/res/1.2/ChwoRsn2AudnDPjKDs.qyw--~B/aD0xNDE0O3c9MjEyMTthcHBpZD15dGFjaHlvbg--/https://media.zenfs.com/en/motleyfool.com/c6ba88bf8fad39fc04462155dda0b52c"", ""width"": 2121, ""height"": 1414, ""tag"": ""original""}, {""url"": ""https://s.yimg.com/uu/api/res/1.2/3PMmrJYB_UPK89m1vhpxqA--~B/Zmk9ZmlsbDtoPTE0MDtweW9mZj0wO3c9MTQwO2FwcGlkPXl0YWNoeW9u/https://media.zenfs.com/en/motleyfool.com/c6ba88bf8fad39fc04462155dda0b52c"", ""width"": 140, ""height"": 140, ""tag"": ""140x140""}]}","[""AAPL""]",AAPL
e6f113f3-a008-37b3-95f8-bf1c186844c6,Should You Buy Apple Stock Before June 10?,Motley Fool,https://finance.yahoo.com/m/e6f113f3-a008-37b3-95f8-bf1c186844c6/should-you-buy-apple-stock.html,1717229580,STORY,"{""resolutions"": [{""url"": ""https://s.yimg.com/uu/api/res/1.2/tzASJd_HLBLEK7BXELi1WA--~B/aD05MzM7dz0xNDAwO2FwcGlkPXl0YWNoeW9u/https://media.zenfs.com/en/motleyfool.com/f62d3fb0781f4820d16c5210ea986be7"", ""width"": 1400, ""height"": 933, ""tag"": ""original""}, {""url"": ""https://s.yimg.com/uu/api/res/1.2/RdLWPqTCCprJ2q1n1AxiFQ--~B/Zmk9ZmlsbDtoPTE0MDtweW9mZj0wO3c9MTQwO2FwcGlkPXl0YWNoeW9u/https://media.zenfs.com/en/motleyfool.com/f62d3fb0781f4820d16c5210ea986be7"", ""width"": 140, ""height"": 140, ""tag"": ""140x140""}]}","[""AAPL""]",AAPL
aeef2ce1-5dd7-31ec-8888-21b78cd5bc8d,"Meet the Supercharged Growth Stock That's a Shoo-In to Join Microsoft, Apple, Nvidia, and Alphabet in the $2 Trillion Club",Motley Fool,https://finance.yahoo.com/m/aeef2ce1-5dd7-31ec-8888-21b78cd5bc8d/meet-the-supercharged-growth.html,1717229220,STORY,"{""resolutions"": [{""url"": ""https://s.yimg.com/uu/api/res/1.2/HAlu0RiofYHLtDJf1FCXDA--~B/aD05Mjk7dz0xNDAwO2FwcGlkPXl0YWNoeW9u/https://media.zenfs.com/en/motleyfool.com/22f20d140a957d8acae302d0f513f634"", ""width"": 1400, ""height"": 929, ""tag"": ""original""}, {""url"": ""https://s.yimg.com/uu/api/res/1.2/MePB604iQtjBVBHHUn6q.A--~B/Zmk9ZmlsbDtoPTE0MDtweW9mZj0wO3c9MTQwO2FwcGlkPXl0YWNoeW9u/https://media.zenfs.com/en/motleyfool.com/22f20d140a957d8acae302d0f513f634"", ""width"": 140, ""height"": 140, ""tag"": ""140x140""}]}","[""META"", ""NVDA"", ""MSFT"", ""GOOG"", ""AAPL""]",AAPL
f00aaa04-dd65-3ecd-a73d-4dc83f7efbfd,3 Reasons to be Bullish on Apple Stock (NASDAQ:AAPL),TipRanks,https://finance.yahoo.com/news/3-reasons-bullish-apple-stock-024849069.html,1717210129,STORY,"{""resolutions"": [{""url"": ""https://s.yimg.com/uu/api/res/1.2/0x7INDvXGSnojlt3RW7kng--~B/aD03MzI7dz0xMDI0O2FwcGlkPXl0YWNoeW9u/https://media.zenfs.com/en/tipranks_452/180dd52b8b84dd9091abfb06c60f811d"", ""width"": 1024, ""height"": 732, ""tag"": ""original""}, {""url"": ""https://s.yimg.com/uu/api/res/1.2/Zb.Qlb.orgjWg8O.Ud8hhQ--~B/Zmk9ZmlsbDtoPTE0MDtweW9mZj0wO3c9MTQwO2FwcGlkPXl0YWNoeW9u/https://media.zenfs.com/en/tipranks_452/180dd52b8b84dd9091abfb06c60f811d"", ""width"": 140, ""height"": 140, ""tag"": ""140x140""}]}","[""AAPL""]",AAPL
5a9d494d-16e4-3497-a304-3e8f38863e6b,Nvidia Wants To Topple Apple. But Apple Takes Aim At Microsoft.,Investor's Business Daily,https://finance.yahoo.com/m/5a9d494d-16e4-3497-a304-3e8f38863e6b/nvidia-wants-to-topple-apple..html,1717185872,STORY,"{""resolutions"": [{""url"": ""https://s.yimg.com/uu/api/res/1.2/mwhchk22YBZU2CcGYYaxkw--~B/aD01NjM7dz0xMDAwO2FwcGlkPXl0YWNoeW9u/https://media.zenfs.com/en/ibd.com/c3c7d6eed2cb9282ecd8b594147e8d9b"", ""width"": 1000, ""height"": 563, ""tag"": ""original""}, {""url"": ""https://s.yimg.com/uu/api/res/1.2/ls2RMHGRr7B9XtU4A5gYVA--~B/Zmk9ZmlsbDtoPTE0MDtweW9mZj0wO3c9MTQwO2FwcGlkPXl0YWNoeW9u/https://media.zenfs.com/en/ibd.com/c3c7d6eed2cb9282ecd8b594147e8d9b"", ""width"": 140, ""height"": 140, ""tag"": ""140x140""}]}","[""NVDA"", ""AAPL"", ""MSFT""]",AAPL
4205eaa9-f620-3a0b-a81a-0e82c7c9fd0b,Magnificent Seven Stocks: Nvidia Stock Extends Losses; Amazon Breaks Key Level,Investor's Business Daily,https://finance.yahoo.com/m/4205eaa9-f620-3a0b-a81a-0e82c7c9fd0b/magnificent-seven-stocks%3A.html,1717185282,STORY,"{""resolutions"": [{""url"": ""https://s.yimg.com/uu/api/res/1.2/kV2Fc5Kz3y8hNbXlVxHRQg--~B/aD01NjU7dz0xMDAwO2FwcGlkPXl0YWNoeW9u/https://media.zenfs.com/en/ibd.com/d5bee44b5deef90ccff5d488feb6722d"", ""width"": 1000, ""height"": 565, ""tag"": ""original""}, {""url"": ""https://s.yimg.com/uu/api/res/1.2/My3O.I831YydYsn.iMoUvw--~B/Zmk9ZmlsbDtoPTE0MDtweW9mZj0wO3c9MTQwO2FwcGlkPXl0YWNoeW9u/https://media.zenfs.com/en/ibd.com/d5bee44b5deef90ccff5d488feb6722d"", ""width"": 140, ""height"": 140, ""tag"": ""140x140""}]}","[""NVDA"", ""AAPL"", ""TSLA"", ""META"", ""MSFT""]",AAPL
1c4d779f-f449-3a99-a2ec-ad5231450b69,Implied Volatility Surging for Apple (AAPL) Stock Options,Zacks,https://finance.yahoo.com/news/implied-volatility-surging-apple-aapl-161500346.html,1717172100,STORY,"{""resolutions"": [{""url"": ""https://s.yimg.com/uu/api/res/1.2/gCzrMinuiePTvFLnUi4ezQ--~B/aD02MzY7dz05MDA7YXBwaWQ9eXRhY2h5b24-/https://media.zenfs.com/en/zacks.com/7ec34f82438e408b34b65a912ebf7bd0"", ""width"": 900, ""height"": 636, ""tag"": ""original""}, {""url"": ""https://s.yimg.com/uu/api/res/1.2/EvQpszNKdn_oxKLVCGhnkg--~B/Zmk9ZmlsbDtoPTE0MDtweW9mZj0wO3c9MTQwO2FwcGlkPXl0YWNoeW9u/https://media.zenfs.com/en/zacks.com/7ec34f82438e408b34b65a912ebf7bd0"", ""width"": 140, ""height"": 140, ""tag"": ""140x140""}]}","[""AAPL""]",AAPL
28f39dfa-74bc-3150-b59b-fcdbf89a8267,Apple Supplier Luxshare Accused of Illegal Operations and Talent Poaching in Taiwan,Benzinga,https://finance.yahoo.com/news/apple-supplier-luxshare-accused-illegal-161418485.html,1717172058,STORY,"{""resolutions"": [{""url"": ""https://s.yimg.com/uu/api/res/1.2/tAAKZp7A4OZlRJH4lI5.FA--~B/aD01NjM7dz0xMDAwO2FwcGlkPXl0YWNoeW9u/https://media.zenfs.com/en/Benzinga/5c1d22322cd3aa1eadf66687282dd9d3"", ""width"": 1000, ""height"": 563, ""tag"": ""original""}, {""url"": ""https://s.yimg.com/uu/api/res/1.2/35dt2HySkyVzJ4K1S4a9IQ--~B/Zmk9ZmlsbDtoPTE0MDtweW9mZj0wO3c9MTQwO2FwcGlkPXl0YWNoeW9u/https://media.zenfs.com/en/Benzinga/5c1d22322cd3aa1eadf66687282dd9d3"", ""width"": 140, ""height"": 140, ""tag"": ""140x140""}]}","[""AAPL""]",AAPL
b22092b4-b839-4d65-b718-aa2896ec661a,Meta seeks to revitalize Facebook's image among Gen Z with new product push,Yahoo Finance,https://finance.yahoo.com/news/meta-seeks-to-revitalize-facebooks-image-among-gen-z-with-new-product-push-113537118.html,1717244954,STORY,"{""resolutions"": [{""url"": ""https://s.yimg.com/uu/api/res/1.2/vNvCUZHKc26tdH5eQQZ.yg--~B/aD0zMzMzO3c9NTAwMDthcHBpZD15dGFjaHlvbg--/https://s.yimg.com/os/creatr-uploaded-images/2024-05/c331a840-1f9e-11ef-b7bf-20386200615f"", ""width"": 5000, ""height"": 3333, ""tag"": ""original""}, {""url"": ""https://s.yimg.com/uu/api/res/1.2/S7gHfA5gfAOFtwFpevl.Zg--~B/Zmk9ZmlsbDtoPTE0MDtweW9mZj0wO3c9MTQwO2FwcGlkPXl0YWNoeW9u/https://s.yimg.com/os/creatr-uploaded-images/2024-05/c331a840-1f9e-11ef-b7bf-20386200615f"", ""width"": 140, ""height"": 140, ""tag"": ""140x140""}]}","[""META""]",META
8e3c0c3f-6633-3af0-a626-3e05aed8f64d,Meta Platforms' (NASDAQ:META) investors will be pleased with their impressive 170% return over the last five years,Simply Wall St.,https://finance.yahoo.com/news/meta-platforms-nasdaq-meta-investors-120025789.html,1717243225,STORY,"{""resolutions"": [{""url"": ""https://s.yimg.com/uu/api/res/1.2/feJ6fEd0bFBGhvpVFCgCpg--~B/aD00MzI7dz0xMTk0O2FwcGlkPXl0YWNoeW9u/https://media.zenfs.com/en/simply_wall_st__316/a0fc4d073bab6c7b785bb32a84cb0542"", ""width"": 1194, ""height"": 432, ""tag"": ""original""}, {""url"": ""https://s.yimg.com/uu/api/res/1.2/H_e6HS_zwlDJ3sa97s9Czg--~B/Zmk9ZmlsbDtoPTE0MDtweW9mZj0wO3c9MTQwO2FwcGlkPXl0YWNoeW9u/https://media.zenfs.com/en/simply_wall_st__316/a0fc4d073bab6c7b785bb32a84cb0542"", ""width"": 140, ""height"": 140, ""tag"": ""140x140""}]}","[""META""]",META
68a5f126-8d7a-31d2-ac79-791e442ad82d,3 S&P 500 Artificial Intelligence (AI) Stocks You'll Regret Not Buying Now,Motley Fool,https://finance.yahoo.com/m/68a5f126-8d7a-31d2-ac79-791e442ad82d/3-s%26p-500-artificial.html,1717238700,STORY,"{""resolutions"": [{""url"": ""https://s.yimg.com/uu/api/res/1.2/jxShbmssLTWGGCWkkKwgtA--~B/aD00NDE7dz03MjA7YXBwaWQ9eXRhY2h5b24-/https://media.zenfs.com/en/motleyfool.com/d91fe07676ddb0d53c827903f8de56ee"", ""width"": 720, ""height"": 441, ""tag"": ""original""}, {""url"": ""https://s.yimg.com/uu/api/res/1.2/iKx6RoEsnA82CCqWSS1lgQ--~B/Zmk9ZmlsbDtoPTE0MDtweW9mZj0wO3c9MTQwO2FwcGlkPXl0YWNoeW9u/https://media.zenfs.com/en/motleyfool.com/d91fe07676ddb0d53c827903f8de56ee"", ""width"": 140, ""height"": 140, ""tag"": ""140x140""}]}","[""GOOG"", ""^GSPC"", ""META"", ""TSM""]",META
cbab4b03-7be0-3b6d-bf66-fab336ecb5e7,4 Unforgettable Growth Stocks You'll Regret Not Buying in the New Nasdaq Bull Market,Motley Fool,https://finance.yahoo.com/m/cbab4b03-7be0-3b6d-bf66-fab336ecb5e7/4-unforgettable-growth-stocks.html,1717232760,STORY,"{""resolutions"": [{""url"": ""https://s.yimg.com/uu/api/res/1.2/x1vR6l5AOGn_a12vJaYw3w--~B/aD05MzQ7dz0xNDAwO2FwcGlkPXl0YWNoeW9u/https://media.zenfs.com/en/motleyfool.com/05afafec414ce1e05773c8a3d938d7b0"", ""width"": 1400, ""height"": 934, ""tag"": ""original""}, {""url"": ""https://s.yimg.com/uu/api/res/1.2/IdHi3VtFIhzkVD_YeWMi.g--~B/Zmk9ZmlsbDtoPTE0MDtweW9mZj0wO3c9MTQwO2FwcGlkPXl0YWNoeW9u/https://media.zenfs.com/en/motleyfool.com/05afafec414ce1e05773c8a3d938d7b0"", ""width"": 140, ""height"": 140, ""tag"": ""140x140""}]}","[""COMP"", ""OKTA"", ""SBUX"", ""META"", ""SQ""]",META
2e63ad79-97c7-3d10-8cb5-620f3d89c3e2,"Mark Zuckerberg is quietly sitting on a shopping empire with 4 times the customers of Amazon, as Facebook Marketplace skyrockets",Fortune,https://finance.yahoo.com/news/mark-zuckerberg-quietly-sitting-shopping-090000088.html,1717232400,STORY,"{""resolutions"": [{""url"": ""https://s.yimg.com/uu/api/res/1.2/pLx431bKiXnPKtNcme2UBA--~B/aD0xMzYzO3c9MjA0ODthcHBpZD15dGFjaHlvbg--/https://media.zenfs.com/en/fortune_175/6b6ee4f1c00f4961d3c2b9eb5a097c17"", ""width"": 2048, ""height"": 1363, ""tag"": ""original""}, {""url"": ""https://s.yimg.com/uu/api/res/1.2/vSvfXBet7txahhwTOUsqrQ--~B/Zmk9ZmlsbDtoPTE0MDtweW9mZj0wO3c9MTQwO2FwcGlkPXl0YWNoeW9u/https://media.zenfs.com/en/fortune_175/6b6ee4f1c00f4961d3c2b9eb5a097c17"", ""width"": 140, ""height"": 140, ""tag"": ""140x140""}]}","[""META""]",META
aeef2ce1-5dd7-31ec-8888-21b78cd5bc8d,"Meet the Supercharged Growth Stock That's a Shoo-In to Join Microsoft, Apple, Nvidia, and Alphabet in the $2 Trillion Club",Motley Fool,https://finance.yahoo.com/m/aeef2ce1-5dd7-31ec-8888-21b78cd5bc8d/meet-the-supercharged-growth.html,1717229220,STORY,"{""resolutions"": [{""url"": ""https://s.yimg.com/uu/api/res/1.2/HAlu0RiofYHLtDJf1FCXDA--~B/aD05Mjk7dz0xNDAwO2FwcGlkPXl0YWNoeW9u/https://media.zenfs.com/en/motleyfool.com/22f20d140a957d8acae302d0f513f634"", ""width"": 1400, ""height"": 929, ""tag"": ""original""}, {""url"": ""https://s.yimg.com/uu/api/res/1.2/MePB604iQtjBVBHHUn6q.A--~B/Zmk9ZmlsbDtoPTE0MDtweW9mZj0wO3c9MTQwO2FwcGlkPXl0YWNoeW9u/https://media.zenfs.com/en/motleyfool.com/22f20d140a957d8acae302d0f513f634"", ""width"": 140, ""height"": 140, ""tag"": ""140x140""}]}","[""META"", ""NVDA"", ""MSFT"", ""GOOG"", ""AAPL""]",META
e931f082-5fa2-3859-82ca-f5e153efa9a1,Meta's Facebook says it is attracting most young adults in 3 years,Reuters,https://finance.yahoo.com/news/metas-facebook-says-attracting-most-201152403.html,1717186312,STORY,"{""resolutions"": [{""url"": ""https://s.yimg.com/uu/api/res/1.2/m4W8itDSg5PNGsA7v7kdVQ--~B/aD01MzA7dz04MDA7YXBwaWQ9eXRhY2h5b24-/https://media.zenfs.com/en/reuters-finance.com/1946818956c0a4fd577f4de28bfd78b9"", ""width"": 800, ""height"": 530, ""tag"": ""original""}, {""url"": ""https://s.yimg.com/uu/api/res/1.2/hkdXtWZBqzNkMPaBnNOuNQ--~B/Zmk9ZmlsbDtoPTE0MDtweW9mZj0wO3c9MTQwO2FwcGlkPXl0YWNoeW9u/https://media.zenfs.com/en/reuters-finance.com/1946818956c0a4fd577f4de28bfd78b9"", ""width"": 140, ""height"": 140, ""tag"": ""140x140""}]}","[""META""]",META
4205eaa9-f620-3a0b-a81a-0e82c7c9fd0b,Magnificent Seven Stocks: Nvidia Stock Extends Losses; Amazon Breaks Key Level,Investor's Business Daily,https://finance.yahoo.com/m/4205eaa9-f620-3a0b-a81a-0e82c7c9fd0b/magnificent-seven-stocks%3A.html,1717185282,STORY,"{""resolutions"": [{""url"": ""https://s.yimg.com/uu/api/res/1.2/kV2Fc5Kz3y8hNbXlVxHRQg--~B/aD01NjU7dz0xMDAwO2FwcGlkPXl0YWNoeW9u/https://media.zenfs.com/en/ibd.com/d5bee44b5deef90ccff5d488feb6722d"", ""width"": 1000, ""height"": 565, ""tag"": ""original""}, {""url"": ""https://s.yimg.com/uu/api/res/1.2/My3O.I831YydYsn.iMoUvw--~B/Zmk9ZmlsbDtoPTE0MDtweW9mZj0wO3c9MTQwO2FwcGlkPXl0YWNoeW9u/https://media.zenfs.com/en/ibd.com/d5bee44b5deef90ccff5d488feb6722d"", ""width"": 140, ""height"": 140, ""tag"": ""140x140""}]}","[""NVDA"", ""AAPL"", ""TSLA"", ""META"", ""MSFT""]",META
eeee122c-f77d-3e6b-b0a4-d468b6328f3e,2 Growth Stocks to Buy and Hold Forever,Motley Fool,https://finance.yahoo.com/m/eeee122c-f77d-3e6b-b0a4-d468b6328f3e/2-growth-stocks-to-buy-and.html,1717240140,STORY,"{""resolutions"": [{""url"": ""https://s.yimg.com/uu/api/res/1.2/_xk.KHDWiuQfdUbl.7iAag--~B/aD0zNzA2O3c9NTU2OTthcHBpZD15dGFjaHlvbg--/https://media.zenfs.com/en/motleyfool.com/8ae239a3620fe62ddf09c33dc4f25d97"", ""width"": 5569, ""height"": 3706, ""tag"": ""original""}, {""url"": ""https://s.yimg.com/uu/api/res/1.2/awCtdmsEx26wJ0GHWpscpg--~B/Zmk9ZmlsbDtoPTE0MDtweW9mZj0wO3c9MTQwO2FwcGlkPXl0YWNoeW9u/https://media.zenfs.com/en/motleyfool.com/8ae239a3620fe62ddf09c33dc4f25d97"", ""width"": 140, ""height"": 140, ""tag"": ""140x140""}]}","[""NFLX"", ""ROKU"", ""GOOG""]",GOOG
68a5f126-8d7a-31d2-ac79-791e442ad82d,3 S&P 500 Artificial Intelligence (AI) Stocks You'll Regret Not Buying Now,Motley Fool,https://finance.yahoo.com/m/68a5f126-8d7a-31d2-ac79-791e442ad82d/3-s%26p-500-artificial.html,1717238700,STORY,"{""resolutions"": [{""url"": ""https://s.yimg.com/uu/api/res/1.2/jxShbmssLTWGGCWkkKwgtA--~B/aD00NDE7dz03MjA7YXBwaWQ9eXRhY2h5b24-/https://media.zenfs.com/en/motleyfool.com/d91fe07676ddb0d53c827903f8de56ee"", ""width"": 720, ""height"": 441, ""tag"": ""original""}, {""url"": ""https://s.yimg.com/uu/api/res/1.2/iKx6RoEsnA82CCqWSS1lgQ--~B/Zmk9ZmlsbDtoPTE0MDtweW9mZj0wO3c9MTQwO2FwcGlkPXl0YWNoeW9u/https://media.zenfs.com/en/motleyfool.com/d91fe07676ddb0d53c827903f8de56ee"", ""width"": 140, ""height"": 140, ""tag"": ""140x140""}]}","[""GOOG"", ""^GSPC"", ""META"", ""TSM""]",GOOG
7ebfbf63-ec36-3b4f-936f-18f460671a71,U.S. Companies Paid a Record $164.3 Billion in Dividends in the First Quarter. Here Are 2 ETFs to Buy to Get a Slice of That Income,Motley Fool,https://finance.yahoo.com/m/7ebfbf63-ec36-3b4f-936f-18f460671a71/u.s.-companies-paid-a-record.html,1717234620,STORY,"{""resolutions"": [{""url"": ""https://s.yimg.com/uu/api/res/1.2/9Tlqj6jOgM.kpoH7soeeZw--~B/aD00NDE7dz03MjA7YXBwaWQ9eXRhY2h5b24-/https://media.zenfs.com/en/motleyfool.com/e44afe222efe99d67f383203ffdd9ecb"", ""width"": 720, ""height"": 441, ""tag"": ""original""}, {""url"": ""https://s.yimg.com/uu/api/res/1.2/b7ebxZ5cKF2Dn5TNb.F6lg--~B/Zmk9ZmlsbDtoPTE0MDtweW9mZj0wO3c9MTQwO2FwcGlkPXl0YWNoeW9u/https://media.zenfs.com/en/motleyfool.com/e44afe222efe99d67f383203ffdd9ecb"", ""width"": 140, ""height"": 140, ""tag"": ""140x140""}]}","[""SCHW"", ""^GSPC"", ""GOOG""]",GOOG
019dae08-7ca7-36a1-a8fd-64f967c78ccf,New AI battle adopts old price war strategy as Chinese tech giants keep start-ups at bay behind the Great Firewall,South China Morning Post,https://finance.yahoo.com/news/ai-battle-adopts-old-price-093000308.html,1717234200,STORY,"{""resolutions"": [{""url"": ""https://s.yimg.com/uu/api/res/1.2/9a0RNsk6_RslnUQPnKQA1w--~B/aD0xMzMyO3c9MTk5OTthcHBpZD15dGFjaHlvbg--/https://media.zenfs.com/en/south_china_morning_post_us_228/d03b0fab606c9733d3197fc1fb704972"", ""width"": 1999, ""height"": 1332, ""tag"": ""original""}, {""url"": ""https://s.yimg.com/uu/api/res/1.2/XUX0BbSXGivXv7XBowmT9g--~B/Zmk9ZmlsbDtoPTE0MDtweW9mZj0wO3c9MTQwO2FwcGlkPXl0YWNoeW9u/https://media.zenfs.com/en/south_china_morning_post_us_228/d03b0fab606c9733d3197fc1fb704972"", ""width"": 140, ""height"": 140, ""tag"": ""140x140""}]}","[""MSFT"", ""BIDU"", ""BBAAY"", ""GOOG""]",GOOG
4ce06999-bc14-360d-b16b-b66462f00799,Prediction: 2 Artificial Intelligence (AI) Stocks That Will Be Worth More Than Nvidia by 2028,Motley Fool,https://finance.yahoo.com/m/4ce06999-bc14-360d-b16b-b66462f00799/prediction%3A-2-artificial.html,1717231440,STORY,"{""resolutions"": [{""url"": ""https://s.yimg.com/uu/api/res/1.2/O4y7gjNVLYDAqvg0Ef3S9w--~B/aD0xNDE0O3c9MjEyMTthcHBpZD15dGFjaHlvbg--/https://media.zenfs.com/en/motleyfool.com/a9dbbdfdfad05c944244b71dc4fae252"", ""width"": 2121, ""height"": 1414, ""tag"": ""original""}, {""url"": ""https://s.yimg.com/uu/api/res/1.2/JXUEeqZvTMtQm6HPS8GnYQ--~B/Zmk9ZmlsbDtoPTE0MDtweW9mZj0wO3c9MTQwO2FwcGlkPXl0YWNoeW9u/https://media.zenfs.com/en/motleyfool.com/a9dbbdfdfad05c944244b71dc4fae252"", ""width"": 140, ""height"": 140, ""tag"": ""140x140""}]}","[""AMZN"", ""NVDA"", ""GOOG"", ""^GSPC""]",GOOG
aeef2ce1-5dd7-31ec-8888-21b78cd5bc8d,"Meet the Supercharged Growth Stock That's a Shoo-In to Join Microsoft, Apple, Nvidia, and Alphabet in the $2 Trillion Club",Motley Fool,https://finance.yahoo.com/m/aeef2ce1-5dd7-31ec-8888-21b78cd5bc8d/meet-the-supercharged-growth.html,1717229220,STORY,"{""resolutions"": [{""url"": ""https://s.yimg.com/uu/api/res/1.2/HAlu0RiofYHLtDJf1FCXDA--~B/aD05Mjk7dz0xNDAwO2FwcGlkPXl0YWNoeW9u/https://media.zenfs.com/en/motleyfool.com/22f20d140a957d8acae302d0f513f634"", ""width"": 1400, ""height"": 929, ""tag"": ""original""}, {""url"": ""https://s.yimg.com/uu/api/res/1.2/MePB604iQtjBVBHHUn6q.A--~B/Zmk9ZmlsbDtoPTE0MDtweW9mZj0wO3c9MTQwO2FwcGlkPXl0YWNoeW9u/https://media.zenfs.com/en/motleyfool.com/22f20d140a957d8acae302d0f513f634"", ""width"": 140, ""height"": 140, ""tag"": ""140x140""}]}","[""META"", ""NVDA"", ""MSFT"", ""GOOG"", ""AAPL""]",GOOG
5f8217b2-a68e-337e-ad6b-5bc711925d2d,Google Cloud Lays Off Some Sales Staff,The Information,https://finance.yahoo.com/m/5f8217b2-a68e-337e-ad6b-5bc711925d2d/google-cloud-lays-off-some.html,1717196699,STORY,"{""resolutions"": [{""url"": ""https://s.yimg.com/uu/api/res/1.2/yAxqQNZ58IodHspU8s6dNQ--~B/aD03MjI7dz0xMjg0O2FwcGlkPXl0YWNoeW9u/https://media.zenfs.com/en/the_information_premium_news_383/d64b01c3c184d8f3156693c5c04855dd"", ""width"": 1284, ""height"": 722, ""tag"": ""original""}, {""url"": ""https://s.yimg.com/uu/api/res/1.2/51YEkEZxAu.OL299.PIpaw--~B/Zmk9ZmlsbDtoPTE0MDtweW9mZj0wO3c9MTQwO2FwcGlkPXl0YWNoeW9u/https://media.zenfs.com/en/the_information_premium_news_383/d64b01c3c184d8f3156693c5c04855dd"", ""width"": 140, ""height"": 140, ""tag"": ""140x140""}]}","[""GOOG""]",GOOG
a9a58983-8bb9-3d68-bda4-15601f0125e3,The Cheapest AI Stocks to Buy Now,Zacks,https://finance.yahoo.com/news/cheapest-ai-stocks-buy-now-214000651.html,1717191600,STORY,"{""resolutions"": [{""url"": ""https://s.yimg.com/uu/api/res/1.2/as5m4_sYhwbum22y4k2zVQ--~B/aD00MDA7dz02MzU7YXBwaWQ9eXRhY2h5b24-/https://media.zenfs.com/en/zacks.com/d43cb7b76527c97c59494165d3dffeae"", ""width"": 635, ""height"": 400, ""tag"": ""original""}, {""url"": ""https://s.yimg.com/uu/api/res/1.2/Z1m74p3x3wT6vxkVuT4qpQ--~B/Zmk9ZmlsbDtoPTE0MDtweW9mZj0wO3c9MTQwO2FwcGlkPXl0YWNoeW9u/https://media.zenfs.com/en/zacks.com/d43cb7b76527c97c59494165d3dffeae"", ""width"": 140, ""height"": 140, ""tag"": ""140x140""}]}","[""SMCI"", ""GOOG"", ""MOD"", ""MSFT"", ""NVDA""]",GOOG
